用户名,内容
用户A,这款手机的屏幕显示效果太棒了，色彩很鲜艳，强烈推荐！
用户B,用了一个月，电池衰减严重，现在一天要充两次电，后悔买了
用户C,性价比很高，两千块能买到这样的配置，非常满意
用户D,客服态度特别差，问个问题半天不回，体验很糟糕
用户E,颜值是真的高，拿在手里很有质感，朋友们都问我是什么手机
用户F,系统更新后流畅多了，拍照效果也有提升，希望继续保持
用户G,刚买就降价了200块，感觉被割韭菜了，太坑了
用户H,物流很快，第二天就到了，包装也很用心
用户I,这个价位能有这样的拍照效果已经很不错了，日常够用
用户J,用了半年没出过任何问题，质量很靠谱，下次还会买
用户K,手感真的很好，轻薄的设计很适合女生使用，颜值在线
用户L,续航太差了，玩游戏两个小时就没电了，差评
用户M,拍照效果确实厉害，夜景模式比我想象的好很多
用户N,界面设计很好看，操作也很流畅，总体很满意
用户O,发热严重，看个视频都烫手，担心安全问题
用户P,性价比是真的高，同样配置比其他品牌便宜了500块
用户Q,售后服务不错，屏幕碎了免费换了一次，很贴心
用户R,屏幕太大了单手不好操作，但是看电影确实很爽
用户S,扬声器音质很好，听音乐效果很棒，超出预期
用户T,用了两个月就开始卡顿，清理了缓存也没用，失望
